CLASS,SUBCLASS,VARIABLE,VALUE,iso3,sheet,year
INFLOW,PRECIPITATION,Rainfall,12.4430414718941,ken,sheet1,2003
INFLOW,PRECIPITATION,Snowfall,0,ken,sheet1,2003
INFLOW,PRECIPITATION,Precipitation recycling,0,ken,sheet1,2003
INFLOW,SURFACE WATER,Main riverstem,0,ken,sheet1,2003
INFLOW,SURFACE WATER,Tributaries,0,ken,sheet1,2003
INFLOW,SURFACE WATER,Utilized surface water,0,ken,sheet1,2003
INFLOW,SURFACE WATER,Flood,0,ken,sheet1,2003
INFLOW,GROUNDWATER,Natural,0,ken,sheet1,2003
INFLOW,GROUNDWATER,Utilized,0,ken,sheet1,2003
INFLOW,OTHER,Desalinized,0,ken,sheet1,2003
STORAGE,CHANGE,Surface storage,-0.250572615248151,ken,sheet1,2003
STORAGE,CHANGE,Storage in sinks,0,ken,sheet1,2003
OUTFLOW,ET LANDSCAPE,Protected,1.46148670570415,ken,sheet1,2003
OUTFLOW,ET LANDSCAPE,Utilized,2.75921510881033,ken,sheet1,2003
OUTFLOW,ET LANDSCAPE,Modified,3.03004731751182,ken,sheet1,2003
OUTFLOW,ET LANDSCAPE,Managed,0.098523649817059,ken,sheet1,2003
OUTFLOW,ET UTILIZED FLOW,Protected,0.274012866105434,ken,sheet1,2003
OUTFLOW,ET UTILIZED FLOW,Utilized,1.0574430047913,ken,sheet1,2003
OUTFLOW,ET UTILIZED FLOW,Modified,0.418887599986714,ken,sheet1,2003
OUTFLOW,ET UTILIZED FLOW,Managed,1.21661963721184,ken,sheet1,2003
OUTFLOW,ET INCREMENTAL,Manmade,0.0144918422191813,ken,sheet1,2003
OUTFLOW,ET INCREMENTAL,Natural,1.75034347088345,ken,sheet1,2003
OUTFLOW,SURFACE WATER,Main riverstem,3.0783607617,ken,sheet1,2003
OUTFLOW,SURFACE WATER,Tributaries,0,ken,sheet1,2003
OUTFLOW,SURFACE WATER,Utilized surface water,0,ken,sheet1,2003
OUTFLOW,SURFACE WATER,Flood,0,ken,sheet1,2003
OUTFLOW,SURFACE WATER,Interbasin transfer,0,ken,sheet1,2003
OUTFLOW,GROUNDWATER,Natural,0,ken,sheet1,2003
OUTFLOW,GROUNDWATER,Utilized,0,ken,sheet1,2003
OUTFLOW,OTHER,Non-utilizable,0,ken,sheet1,2003
OUTFLOW,OTHER,Other,0,ken,sheet1,2003
OUTFLOW,RESERVED,Commited,0.664054025303916,ken,sheet1,2003
OUTFLOW,RESERVED,Navigational,0,ken,sheet1,2003
OUTFLOW,RESERVED,Environmental,0,ken,sheet1,2003
INFLOW,PRECIPITATION,Rainfall,14.2847574374717,ken,sheet1,2004
INFLOW,PRECIPITATION,Snowfall,0,ken,sheet1,2004
INFLOW,PRECIPITATION,Precipitation recycling,0,ken,sheet1,2004
INFLOW,SURFACE WATER,Main riverstem,0,ken,sheet1,2004
INFLOW,SURFACE WATER,Tributaries,0,ken,sheet1,2004
INFLOW,SURFACE WATER,Utilized surface water,0,ken,sheet1,2004
INFLOW,SURFACE WATER,Flood,0,ken,sheet1,2004
INFLOW,GROUNDWATER,Natural,0,ken,sheet1,2004
INFLOW,GROUNDWATER,Utilized,0,ken,sheet1,2004
INFLOW,OTHER,Desalinized,0,ken,sheet1,2004
STORAGE,CHANGE,Surface storage,-2.94830354866937,ken,sheet1,2004
STORAGE,CHANGE,Storage in sinks,0,ken,sheet1,2004
OUTFLOW,ET LANDSCAPE,Protected,1.59068781924989,ken,sheet1,2004
OUTFLOW,ET LANDSCAPE,Utilized,2.86907621906826,ken,sheet1,2004
OUTFLOW,ET LANDSCAPE,Modified,3.19857011305159,ken,sheet1,2004
OUTFLOW,ET LANDSCAPE,Managed,0.0977050383730827,ken,sheet1,2004
OUTFLOW,ET UTILIZED FLOW,Protected,0.132856878836793,ken,sheet1,2004
OUTFLOW,ET UTILIZED FLOW,Utilized,0.842049988771847,ken,sheet1,2004
OUTFLOW,ET UTILIZED FLOW,Modified,0.226006573516992,ken,sheet1,2004
OUTFLOW,ET UTILIZED FLOW,Managed,0.935394161502287,ken,sheet1,2004
OUTFLOW,ET INCREMENTAL,Manmade,0.0101352462338448,ken,sheet1,2004
OUTFLOW,ET INCREMENTAL,Natural,1.20091344112563,ken,sheet1,2004
OUTFLOW,SURFACE WATER,Main riverstem,2.3693660117,ken,sheet1,2004
OUTFLOW,SURFACE WATER,Tributaries,0,ken,sheet1,2004
OUTFLOW,SURFACE WATER,Utilized surface water,0,ken,sheet1,2004
OUTFLOW,SURFACE WATER,Flood,0,ken,sheet1,2004
OUTFLOW,SURFACE WATER,Interbasin transfer,0,ken,sheet1,2004
OUTFLOW,GROUNDWATER,Natural,0,ken,sheet1,2004
OUTFLOW,GROUNDWATER,Utilized,0,ken,sheet1,2004
OUTFLOW,OTHER,Non-utilizable,0,ken,sheet1,2004
OUTFLOW,OTHER,Other,0,ken,sheet1,2004
OUTFLOW,RESERVED,Commited,0.664054025303916,ken,sheet1,2004
OUTFLOW,RESERVED,Navigational,0,ken,sheet1,2004
OUTFLOW,RESERVED,Environmental,0,ken,sheet1,2004
INFLOW,PRECIPITATION,Rainfall,11.7922592353504,ken,sheet1,2005
INFLOW,PRECIPITATION,Snowfall,0,ken,sheet1,2005
INFLOW,PRECIPITATION,Precipitation recycling,0,ken,sheet1,2005
INFLOW,SURFACE WATER,Main riverstem,0,ken,sheet1,2005
INFLOW,SURFACE WATER,Tributaries,0,ken,sheet1,2005
INFLOW,SURFACE WATER,Utilized surface water,0,ken,sheet1,2005
INFLOW,SURFACE WATER,Flood,0,ken,sheet1,2005
INFLOW,GROUNDWATER,Natural,0,ken,sheet1,2005
INFLOW,GROUNDWATER,Utilized,0,ken,sheet1,2005
INFLOW,OTHER,Desalinized,0,ken,sheet1,2005
STORAGE,CHANGE,Surface storage,-0.353354306228426,ken,sheet1,2005
STORAGE,CHANGE,Storage in sinks,0,ken,sheet1,2005
OUTFLOW,ET LANDSCAPE,Protected,1.63687388105865,ken,sheet1,2005
OUTFLOW,ET LANDSCAPE,Utilized,2.80077213020584,ken,sheet1,2005
OUTFLOW,ET LANDSCAPE,Modified,3.04165820860779,ken,sheet1,2005
OUTFLOW,ET LANDSCAPE,Managed,0.0937679819603286,ken,sheet1,2005
OUTFLOW,ET UTILIZED FLOW,Protected,0.203743263047232,ken,sheet1,2005
OUTFLOW,ET UTILIZED FLOW,Utilized,0.901548907220627,ken,sheet1,2005
OUTFLOW,ET UTILIZED FLOW,Modified,0.30178401145369,ken,sheet1,2005
OUTFLOW,ET UTILIZED FLOW,Managed,0.967614478254558,ken,sheet1,2005
OUTFLOW,ET INCREMENTAL,Manmade,0.0122196220678468,ken,sheet1,2005
OUTFLOW,ET INCREMENTAL,Natural,1.40707618172155,ken,sheet1,2005
OUTFLOW,SURFACE WATER,Main riverstem,2.4465369235,ken,sheet1,2005
OUTFLOW,SURFACE WATER,Tributaries,0,ken,sheet1,2005
OUTFLOW,SURFACE WATER,Utilized surface water,0,ken,sheet1,2005
OUTFLOW,SURFACE WATER,Flood,0,ken,sheet1,2005
OUTFLOW,SURFACE WATER,Interbasin transfer,0,ken,sheet1,2005
OUTFLOW,GROUNDWATER,Natural,0,ken,sheet1,2005
OUTFLOW,GROUNDWATER,Utilized,0,ken,sheet1,2005
OUTFLOW,OTHER,Non-utilizable,0,ken,sheet1,2005
OUTFLOW,OTHER,Other,0,ken,sheet1,2005
OUTFLOW,RESERVED,Commited,0.657021161884768,ken,sheet1,2005
OUTFLOW,RESERVED,Navigational,0,ken,sheet1,2005
OUTFLOW,RESERVED,Environmental,0,ken,sheet1,2005
INFLOW,PRECIPITATION,Rainfall,17.2611596326259,ken,sheet1,2006
INFLOW,PRECIPITATION,Snowfall,0,ken,sheet1,2006
INFLOW,PRECIPITATION,Precipitation recycling,0,ken,sheet1,2006
INFLOW,SURFACE WATER,Main riverstem,0,ken,sheet1,2006
INFLOW,SURFACE WATER,Tributaries,0,ken,sheet1,2006
INFLOW,SURFACE WATER,Utilized surface water,0,ken,sheet1,2006
INFLOW,SURFACE WATER,Flood,0,ken,sheet1,2006
INFLOW,GROUNDWATER,Natural,0,ken,sheet1,2006
INFLOW,GROUNDWATER,Utilized,0,ken,sheet1,2006
INFLOW,OTHER,Desalinized,0,ken,sheet1,2006
STORAGE,CHANGE,Surface storage,-5.42902697816664,ken,sheet1,2006
STORAGE,CHANGE,Storage in sinks,0,ken,sheet1,2006
OUTFLOW,ET LANDSCAPE,Protected,1.25859505251733,ken,sheet1,2006
OUTFLOW,ET LANDSCAPE,Utilized,2.57769245997432,ken,sheet1,2006
OUTFLOW,ET LANDSCAPE,Modified,2.88591006125377,ken,sheet1,2006
OUTFLOW,ET LANDSCAPE,Managed,0.0887638361711995,ken,sheet1,2006
OUTFLOW,ET UTILIZED FLOW,Protected,0.125255317343802,ken,sheet1,2006
OUTFLOW,ET UTILIZED FLOW,Utilized,0.841368636207335,ken,sheet1,2006
OUTFLOW,ET UTILIZED FLOW,Modified,0.246641003859562,ken,sheet1,2006
OUTFLOW,ET UTILIZED FLOW,Managed,1.49140726233884,ken,sheet1,2006
OUTFLOW,ET INCREMENTAL,Manmade,0.00719505938190377,ken,sheet1,2006
OUTFLOW,ET INCREMENTAL,Natural,1.2132649574107,ken,sheet1,2006
OUTFLOW,SURFACE WATER,Main riverstem,3.80071122775,ken,sheet1,2006
OUTFLOW,SURFACE WATER,Tributaries,0,ken,sheet1,2006
OUTFLOW,SURFACE WATER,Utilized surface water,0,ken,sheet1,2006
OUTFLOW,SURFACE WATER,Flood,0,ken,sheet1,2006
OUTFLOW,SURFACE WATER,Interbasin transfer,0,ken,sheet1,2006
OUTFLOW,GROUNDWATER,Natural,0,ken,sheet1,2006
OUTFLOW,GROUNDWATER,Utilized,0,ken,sheet1,2006
OUTFLOW,OTHER,Non-utilizable,0,ken,sheet1,2006
OUTFLOW,OTHER,Other,0,ken,sheet1,2006
OUTFLOW,RESERVED,Commited,0.656513960189349,ken,sheet1,2006
OUTFLOW,RESERVED,Navigational,0,ken,sheet1,2006
OUTFLOW,RESERVED,Environmental,0,ken,sheet1,2006
INFLOW,PRECIPITATION,Rainfall,13.8050491015361,ken,sheet1,2007
INFLOW,PRECIPITATION,Snowfall,0,ken,sheet1,2007
INFLOW,PRECIPITATION,Precipitation recycling,0,ken,sheet1,2007
INFLOW,SURFACE WATER,Main riverstem,0,ken,sheet1,2007
INFLOW,SURFACE WATER,Tributaries,0,ken,sheet1,2007
INFLOW,SURFACE WATER,Utilized surface water,0,ken,sheet1,2007
INFLOW,SURFACE WATER,Flood,0,ken,sheet1,2007
INFLOW,GROUNDWATER,Natural,0,ken,sheet1,2007
INFLOW,GROUNDWATER,Utilized,0,ken,sheet1,2007
INFLOW,OTHER,Desalinized,0,ken,sheet1,2007
STORAGE,CHANGE,Surface storage,2.44838537733571,ken,sheet1,2007
STORAGE,CHANGE,Storage in sinks,0,ken,sheet1,2007
OUTFLOW,ET LANDSCAPE,Protected,2.2312072482637,ken,sheet1,2007
OUTFLOW,ET LANDSCAPE,Utilized,3.70419534100311,ken,sheet1,2007
OUTFLOW,ET LANDSCAPE,Modified,3.9294320778388,ken,sheet1,2007
OUTFLOW,ET LANDSCAPE,Managed,0.12483200333307,ken,sheet1,2007
OUTFLOW,ET UTILIZED FLOW,Protected,0.0816394122679262,ken,sheet1,2007
OUTFLOW,ET UTILIZED FLOW,Utilized,0.987530962628676,ken,sheet1,2007
OUTFLOW,ET UTILIZED FLOW,Modified,0.150855133790195,ken,sheet1,2007
OUTFLOW,ET UTILIZED FLOW,Managed,1.97323601920076,ken,sheet1,2007
OUTFLOW,ET INCREMENTAL,Manmade,0.00592118674631662,ken,sheet1,2007
OUTFLOW,ET INCREMENTAL,Natural,1.2200255086868,ken,sheet1,2007
OUTFLOW,SURFACE WATER,Main riverstem,5.037821113,ken,sheet1,2007
OUTFLOW,SURFACE WATER,Tributaries,0,ken,sheet1,2007
OUTFLOW,SURFACE WATER,Utilized surface water,0,ken,sheet1,2007
OUTFLOW,SURFACE WATER,Flood,0,ken,sheet1,2007
OUTFLOW,SURFACE WATER,Interbasin transfer,0,ken,sheet1,2007
OUTFLOW,GROUNDWATER,Natural,0,ken,sheet1,2007
OUTFLOW,GROUNDWATER,Utilized,0,ken,sheet1,2007
OUTFLOW,OTHER,Non-utilizable,0,ken,sheet1,2007
OUTFLOW,OTHER,Other,0,ken,sheet1,2007
OUTFLOW,RESERVED,Commited,0.664054025303916,ken,sheet1,2007
OUTFLOW,RESERVED,Navigational,0,ken,sheet1,2007
OUTFLOW,RESERVED,Environmental,0,ken,sheet1,2007
INFLOW,PRECIPITATION,Rainfall,12.7790835439382,ken,sheet1,2008
INFLOW,PRECIPITATION,Snowfall,0,ken,sheet1,2008
INFLOW,PRECIPITATION,Precipitation recycling,0,ken,sheet1,2008
INFLOW,SURFACE WATER,Main riverstem,0,ken,sheet1,2008
INFLOW,SURFACE WATER,Tributaries,0,ken,sheet1,2008
INFLOW,SURFACE WATER,Utilized surface water,0,ken,sheet1,2008
INFLOW,SURFACE WATER,Flood,0,ken,sheet1,2008
INFLOW,GROUNDWATER,Natural,0,ken,sheet1,2008
INFLOW,GROUNDWATER,Utilized,0,ken,sheet1,2008
INFLOW,OTHER,Desalinized,0,ken,sheet1,2008
STORAGE,CHANGE,Surface storage,-0.207007977304349,ken,sheet1,2008
STORAGE,CHANGE,Storage in sinks,0,ken,sheet1,2008
OUTFLOW,ET LANDSCAPE,Protected,1.85268282929838,ken,sheet1,2008
OUTFLOW,ET LANDSCAPE,Utilized,2.85853725159811,ken,sheet1,2008
OUTFLOW,ET LANDSCAPE,Modified,3.3655513017932,ken,sheet1,2008
OUTFLOW,ET LANDSCAPE,Managed,0.110687465075853,ken,sheet1,2008
OUTFLOW,ET UTILIZED FLOW,Protected,0.130201375188172,ken,sheet1,2008
OUTFLOW,ET UTILIZED FLOW,Utilized,0.816059897465136,ken,sheet1,2008
OUTFLOW,ET UTILIZED FLOW,Modified,0.116163736900071,ken,sheet1,2008
OUTFLOW,ET UTILIZED FLOW,Managed,1.29997650653607,ken,sheet1,2008
OUTFLOW,ET INCREMENTAL,Manmade,0.00431592181490165,ken,sheet1,2008
OUTFLOW,ET INCREMENTAL,Natural,1.06242500955338,ken,sheet1,2008
OUTFLOW,SURFACE WATER,Main riverstem,3.3178757875,ken,sheet1,2008
OUTFLOW,SURFACE WATER,Tributaries,0,ken,sheet1,2008
OUTFLOW,SURFACE WATER,Utilized surface water,0,ken,sheet1,2008
OUTFLOW,SURFACE WATER,Flood,0,ken,sheet1,2008
OUTFLOW,SURFACE WATER,Interbasin transfer,0,ken,sheet1,2008
OUTFLOW,GROUNDWATER,Natural,0,ken,sheet1,2008
OUTFLOW,GROUNDWATER,Utilized,0,ken,sheet1,2008
OUTFLOW,OTHER,Non-utilizable,0,ken,sheet1,2008
OUTFLOW,OTHER,Other,0,ken,sheet1,2008
OUTFLOW,RESERVED,Commited,0.664054025303916,ken,sheet1,2008
OUTFLOW,RESERVED,Navigational,0,ken,sheet1,2008
OUTFLOW,RESERVED,Environmental,0,ken,sheet1,2008
INFLOW,PRECIPITATION,Rainfall,13.1183928861429,ken,sheet1,2009
INFLOW,PRECIPITATION,Snowfall,0,ken,sheet1,2009
INFLOW,PRECIPITATION,Precipitation recycling,0,ken,sheet1,2009
INFLOW,SURFACE WATER,Main riverstem,0,ken,sheet1,2009
INFLOW,SURFACE WATER,Tributaries,0,ken,sheet1,2009
INFLOW,SURFACE WATER,Utilized surface water,0,ken,sheet1,2009
INFLOW,SURFACE WATER,Flood,0,ken,sheet1,2009
INFLOW,GROUNDWATER,Natural,0,ken,sheet1,2009
INFLOW,GROUNDWATER,Utilized,0,ken,sheet1,2009
INFLOW,OTHER,Desalinized,0,ken,sheet1,2009
STORAGE,CHANGE,Surface storage,-3.19769717666212,ken,sheet1,2009
STORAGE,CHANGE,Storage in sinks,0,ken,sheet1,2009
OUTFLOW,ET LANDSCAPE,Protected,1.51574026983591,ken,sheet1,2009
OUTFLOW,ET LANDSCAPE,Utilized,2.25363436930506,ken,sheet1,2009
OUTFLOW,ET LANDSCAPE,Modified,3.01006454252833,ken,sheet1,2009
OUTFLOW,ET LANDSCAPE,Managed,0.0984774271111582,ken,sheet1,2009
OUTFLOW,ET UTILIZED FLOW,Protected,0.0520249955765677,ken,sheet1,2009
OUTFLOW,ET UTILIZED FLOW,Utilized,0.747698350208095,ken,sheet1,2009
OUTFLOW,ET UTILIZED FLOW,Modified,0.196163647446995,ken,sheet1,2009
OUTFLOW,ET UTILIZED FLOW,Managed,0.802962947620727,ken,sheet1,2009
OUTFLOW,ET INCREMENTAL,Manmade,0.00596073915866405,ken,sheet1,2009
OUTFLOW,ET INCREMENTAL,Natural,0.995886993231658,ken,sheet1,2009
OUTFLOW,SURFACE WATER,Main riverstem,2.04093136831,ken,sheet1,2009
OUTFLOW,SURFACE WATER,Tributaries,0,ken,sheet1,2009
OUTFLOW,SURFACE WATER,Utilized surface water,0,ken,sheet1,2009
OUTFLOW,SURFACE WATER,Flood,0,ken,sheet1,2009
OUTFLOW,SURFACE WATER,Interbasin transfer,0,ken,sheet1,2009
OUTFLOW,GROUNDWATER,Natural,0,ken,sheet1,2009
OUTFLOW,GROUNDWATER,Utilized,0,ken,sheet1,2009
OUTFLOW,OTHER,Non-utilizable,0,ken,sheet1,2009
OUTFLOW,OTHER,Other,0,ken,sheet1,2009
OUTFLOW,RESERVED,Commited,0.656732616029948,ken,sheet1,2009
OUTFLOW,RESERVED,Navigational,0,ken,sheet1,2009
OUTFLOW,RESERVED,Environmental,0,ken,sheet1,2009
INFLOW,PRECIPITATION,Rainfall,16.0353678001215,ken,sheet1,2010
INFLOW,PRECIPITATION,Snowfall,0,ken,sheet1,2010
INFLOW,PRECIPITATION,Precipitation recycling,0,ken,sheet1,2010
INFLOW,SURFACE WATER,Main riverstem,0,ken,sheet1,2010
INFLOW,SURFACE WATER,Tributaries,0,ken,sheet1,2010
INFLOW,SURFACE WATER,Utilized surface water,0,ken,sheet1,2010
INFLOW,SURFACE WATER,Flood,0,ken,sheet1,2010
INFLOW,GROUNDWATER,Natural,0,ken,sheet1,2010
INFLOW,GROUNDWATER,Utilized,0,ken,sheet1,2010
INFLOW,OTHER,Desalinized,0,ken,sheet1,2010
STORAGE,CHANGE,Surface storage,-1.84211596202397,ken,sheet1,2010
STORAGE,CHANGE,Storage in sinks,0,ken,sheet1,2010
OUTFLOW,ET LANDSCAPE,Protected,1.87426084326056,ken,sheet1,2010
OUTFLOW,ET LANDSCAPE,Utilized,3.18857959165052,ken,sheet1,2010
OUTFLOW,ET LANDSCAPE,Modified,3.69891345460994,ken,sheet1,2010
OUTFLOW,ET LANDSCAPE,Managed,0.110159131023184,ken,sheet1,2010
OUTFLOW,ET UTILIZED FLOW,Protected,0.109976386886206,ken,sheet1,2010
OUTFLOW,ET UTILIZED FLOW,Utilized,0.830687108548425,ken,sheet1,2010
OUTFLOW,ET UTILIZED FLOW,Modified,0.235367770105589,ken,sheet1,2010
OUTFLOW,ET UTILIZED FLOW,Managed,1.62336487828102,ken,sheet1,2010
OUTFLOW,ET INCREMENTAL,Manmade,0.00752215551305943,ken,sheet1,2010
OUTFLOW,ET INCREMENTAL,Natural,1.17603126554022,ken,sheet1,2010
OUTFLOW,SURFACE WATER,Main riverstem,4.1377853965,ken,sheet1,2010
OUTFLOW,SURFACE WATER,Tributaries,0,ken,sheet1,2010
OUTFLOW,SURFACE WATER,Utilized surface water,0,ken,sheet1,2010
OUTFLOW,SURFACE WATER,Flood,0,ken,sheet1,2010
OUTFLOW,SURFACE WATER,Interbasin transfer,0,ken,sheet1,2010
OUTFLOW,GROUNDWATER,Natural,0,ken,sheet1,2010
OUTFLOW,GROUNDWATER,Utilized,0,ken,sheet1,2010
OUTFLOW,OTHER,Non-utilizable,0,ken,sheet1,2010
OUTFLOW,OTHER,Other,0,ken,sheet1,2010
OUTFLOW,RESERVED,Commited,0.664054025303916,ken,sheet1,2010
OUTFLOW,RESERVED,Navigational,0,ken,sheet1,2010
OUTFLOW,RESERVED,Environmental,0,ken,sheet1,2010
INFLOW,PRECIPITATION,Rainfall,16.6756865337142,ken,sheet1,2011
INFLOW,PRECIPITATION,Snowfall,0,ken,sheet1,2011
INFLOW,PRECIPITATION,Precipitation recycling,0,ken,sheet1,2011
INFLOW,SURFACE WATER,Main riverstem,0,ken,sheet1,2011
INFLOW,SURFACE WATER,Tributaries,0,ken,sheet1,2011
INFLOW,SURFACE WATER,Utilized surface water,0,ken,sheet1,2011
INFLOW,SURFACE WATER,Flood,0,ken,sheet1,2011
INFLOW,GROUNDWATER,Natural,0,ken,sheet1,2011
INFLOW,GROUNDWATER,Utilized,0,ken,sheet1,2011
INFLOW,OTHER,Desalinized,0,ken,sheet1,2011
STORAGE,CHANGE,Surface storage,-4.12708522105634,ken,sheet1,2011
STORAGE,CHANGE,Storage in sinks,0,ken,sheet1,2011
OUTFLOW,ET LANDSCAPE,Protected,1.70393585959338,ken,sheet1,2011
OUTFLOW,ET LANDSCAPE,Utilized,3.0295365916107,ken,sheet1,2011
OUTFLOW,ET LANDSCAPE,Modified,3.37483398711189,ken,sheet1,2011
OUTFLOW,ET LANDSCAPE,Managed,0.106438002476552,ken,sheet1,2011
OUTFLOW,ET UTILIZED FLOW,Protected,0.0745324292719613,ken,sheet1,2011
OUTFLOW,ET UTILIZED FLOW,Utilized,0.745049906316068,ken,sheet1,2011
OUTFLOW,ET UTILIZED FLOW,Modified,0.18525934562072,ken,sheet1,2011
OUTFLOW,ET UTILIZED FLOW,Managed,1.30461842138537,ken,sheet1,2011
OUTFLOW,ET INCREMENTAL,Manmade,0.00756007755662509,ken,sheet1,2011
OUTFLOW,ET INCREMENTAL,Natural,1.00484168120875,ken,sheet1,2011
OUTFLOW,SURFACE WATER,Main riverstem,3.3214551131,ken,sheet1,2011
OUTFLOW,SURFACE WATER,Tributaries,0,ken,sheet1,2011
OUTFLOW,SURFACE WATER,Utilized surface water,0,ken,sheet1,2011
OUTFLOW,SURFACE WATER,Flood,0,ken,sheet1,2011
OUTFLOW,SURFACE WATER,Interbasin transfer,0,ken,sheet1,2011
OUTFLOW,GROUNDWATER,Natural,0,ken,sheet1,2011
OUTFLOW,GROUNDWATER,Utilized,0,ken,sheet1,2011
OUTFLOW,OTHER,Non-utilizable,0,ken,sheet1,2011
OUTFLOW,OTHER,Other,0,ken,sheet1,2011
OUTFLOW,RESERVED,Commited,0.664054025303916,ken,sheet1,2011
OUTFLOW,RESERVED,Navigational,0,ken,sheet1,2011
OUTFLOW,RESERVED,Environmental,0,ken,sheet1,2011
INFLOW,PRECIPITATION,Rainfall,16.4351048862538,ken,sheet1,2012
INFLOW,PRECIPITATION,Snowfall,0,ken,sheet1,2012
INFLOW,PRECIPITATION,Precipitation recycling,0,ken,sheet1,2012
INFLOW,SURFACE WATER,Main riverstem,0,ken,sheet1,2012
INFLOW,SURFACE WATER,Tributaries,0,ken,sheet1,2012
INFLOW,SURFACE WATER,Utilized surface water,0,ken,sheet1,2012
INFLOW,SURFACE WATER,Flood,0,ken,sheet1,2012
INFLOW,GROUNDWATER,Natural,0,ken,sheet1,2012
INFLOW,GROUNDWATER,Utilized,0,ken,sheet1,2012
INFLOW,OTHER,Desalinized,0,ken,sheet1,2012
STORAGE,CHANGE,Surface storage,-2.15498600860425,ken,sheet1,2012
STORAGE,CHANGE,Storage in sinks,0,ken,sheet1,2012
OUTFLOW,ET LANDSCAPE,Protected,1.86544442166309,ken,sheet1,2012
OUTFLOW,ET LANDSCAPE,Utilized,3.02419955210897,ken,sheet1,2012
OUTFLOW,ET LANDSCAPE,Modified,3.47042518626959,ken,sheet1,2012
OUTFLOW,ET LANDSCAPE,Managed,0.118151485654868,ken,sheet1,2012
OUTFLOW,ET UTILIZED FLOW,Protected,0.229956559590637,ken,sheet1,2012
OUTFLOW,ET UTILIZED FLOW,Utilized,1.00375589653156,ken,sheet1,2012
OUTFLOW,ET UTILIZED FLOW,Modified,0.315180036705171,ken,sheet1,2012
OUTFLOW,ET UTILIZED FLOW,Managed,1.66736032804091,ken,sheet1,2012
OUTFLOW,ET INCREMENTAL,Manmade,0.0107024013256504,ken,sheet1,2012
OUTFLOW,ET INCREMENTAL,Natural,1.54889249282736,ken,sheet1,2012
OUTFLOW,SURFACE WATER,Main riverstem,4.2423033378,ken,sheet1,2012
OUTFLOW,SURFACE WATER,Tributaries,0,ken,sheet1,2012
OUTFLOW,SURFACE WATER,Utilized surface water,0,ken,sheet1,2012
OUTFLOW,SURFACE WATER,Flood,0,ken,sheet1,2012
OUTFLOW,SURFACE WATER,Interbasin transfer,0,ken,sheet1,2012
OUTFLOW,GROUNDWATER,Natural,0,ken,sheet1,2012
OUTFLOW,GROUNDWATER,Utilized,0,ken,sheet1,2012
OUTFLOW,OTHER,Non-utilizable,0,ken,sheet1,2012
OUTFLOW,OTHER,Other,0,ken,sheet1,2012
OUTFLOW,RESERVED,Commited,0.664054025303916,ken,sheet1,2012
OUTFLOW,RESERVED,Navigational,0,ken,sheet1,2012
OUTFLOW,RESERVED,Environmental,0,ken,sheet1,2012
INFLOW,PRECIPITATION,Rainfall,15.9252608405356,ken,sheet1,2013
INFLOW,PRECIPITATION,Snowfall,0,ken,sheet1,2013
INFLOW,PRECIPITATION,Precipitation recycling,0,ken,sheet1,2013
INFLOW,SURFACE WATER,Main riverstem,0,ken,sheet1,2013
INFLOW,SURFACE WATER,Tributaries,0,ken,sheet1,2013
INFLOW,SURFACE WATER,Utilized surface water,0,ken,sheet1,2013
INFLOW,SURFACE WATER,Flood,0,ken,sheet1,2013
INFLOW,GROUNDWATER,Natural,0,ken,sheet1,2013
INFLOW,GROUNDWATER,Utilized,0,ken,sheet1,2013
INFLOW,OTHER,Desalinized,0,ken,sheet1,2013
STORAGE,CHANGE,Surface storage,-2.31621779919524,ken,sheet1,2013
STORAGE,CHANGE,Storage in sinks,0,ken,sheet1,2013
OUTFLOW,ET LANDSCAPE,Protected,1.54878971506946,ken,sheet1,2013
OUTFLOW,ET LANDSCAPE,Utilized,2.75230029410577,ken,sheet1,2013
OUTFLOW,ET LANDSCAPE,Modified,3.2133380928117,ken,sheet1,2013
OUTFLOW,ET LANDSCAPE,Managed,0.10025104492771,ken,sheet1,2013
OUTFLOW,ET UTILIZED FLOW,Protected,0.238380139901537,ken,sheet1,2013
OUTFLOW,ET UTILIZED FLOW,Utilized,1.02375684731589,ken,sheet1,2013
OUTFLOW,ET UTILIZED FLOW,Modified,0.388379075735327,ken,sheet1,2013
OUTFLOW,ET UTILIZED FLOW,Managed,1.7048493934374,ken,sheet1,2013
OUTFLOW,ET INCREMENTAL,Manmade,0.0140074619729318,ken,sheet1,2013
OUTFLOW,ET INCREMENTAL,Natural,1.65051606295276,ken,sheet1,2013
OUTFLOW,SURFACE WATER,Main riverstem,4.3298403695,ken,sheet1,2013
OUTFLOW,SURFACE WATER,Tributaries,0,ken,sheet1,2013
OUTFLOW,SURFACE WATER,Utilized surface water,0,ken,sheet1,2013
OUTFLOW,SURFACE WATER,Flood,0,ken,sheet1,2013
OUTFLOW,SURFACE WATER,Interbasin transfer,0,ken,sheet1,2013
OUTFLOW,GROUNDWATER,Natural,0,ken,sheet1,2013
OUTFLOW,GROUNDWATER,Utilized,0,ken,sheet1,2013
OUTFLOW,OTHER,Non-utilizable,0,ken,sheet1,2013
OUTFLOW,OTHER,Other,0,ken,sheet1,2013
OUTFLOW,RESERVED,Commited,0.664054025303916,ken,sheet1,2013
OUTFLOW,RESERVED,Navigational,0,ken,sheet1,2013
OUTFLOW,RESERVED,Environmental,0,ken,sheet1,2013
INFLOW,PRECIPITATION,Rainfall,13.8647752706185,ken,sheet1,2014
INFLOW,PRECIPITATION,Snowfall,0,ken,sheet1,2014
INFLOW,PRECIPITATION,Precipitation recycling,0,ken,sheet1,2014
INFLOW,SURFACE WATER,Main riverstem,0,ken,sheet1,2014
INFLOW,SURFACE WATER,Tributaries,0,ken,sheet1,2014
INFLOW,SURFACE WATER,Utilized surface water,0,ken,sheet1,2014
INFLOW,SURFACE WATER,Flood,0,ken,sheet1,2014
INFLOW,GROUNDWATER,Natural,0,ken,sheet1,2014
INFLOW,GROUNDWATER,Utilized,0,ken,sheet1,2014
INFLOW,OTHER,Desalinized,0,ken,sheet1,2014
STORAGE,CHANGE,Surface storage,-2.13854549110782,ken,sheet1,2014
STORAGE,CHANGE,Storage in sinks,0,ken,sheet1,2014
OUTFLOW,ET LANDSCAPE,Protected,1.62777328950839,ken,sheet1,2014
OUTFLOW,ET LANDSCAPE,Utilized,2.90151796884513,ken,sheet1,2014
OUTFLOW,ET LANDSCAPE,Modified,3.43324463987521,ken,sheet1,2014
OUTFLOW,ET LANDSCAPE,Managed,0.11589571951,ken,sheet1,2014
OUTFLOW,ET UTILIZED FLOW,Protected,0.0991837774120763,ken,sheet1,2014
OUTFLOW,ET UTILIZED FLOW,Utilized,0.801869670964479,ken,sheet1,2014
OUTFLOW,ET UTILIZED FLOW,Modified,0.109860677800432,ken,sheet1,2014
OUTFLOW,ET UTILIZED FLOW,Managed,1.03215973686033,ken,sheet1,2014
OUTFLOW,ET INCREMENTAL,Manmade,0.00399121139495511,ken,sheet1,2014
OUTFLOW,ET INCREMENTAL,Natural,1.01091412617699,ken,sheet1,2014
OUTFLOW,SURFACE WATER,Main riverstem,2.6328928242,ken,sheet1,2014
OUTFLOW,SURFACE WATER,Tributaries,0,ken,sheet1,2014
OUTFLOW,SURFACE WATER,Utilized surface water,0,ken,sheet1,2014
OUTFLOW,SURFACE WATER,Flood,0,ken,sheet1,2014
OUTFLOW,SURFACE WATER,Interbasin transfer,0,ken,sheet1,2014
OUTFLOW,GROUNDWATER,Natural,0,ken,sheet1,2014
OUTFLOW,GROUNDWATER,Utilized,0,ken,sheet1,2014
OUTFLOW,OTHER,Non-utilizable,0,ken,sheet1,2014
OUTFLOW,OTHER,Other,0,ken,sheet1,2014
OUTFLOW,RESERVED,Commited,0.664054025303916,ken,sheet1,2014
OUTFLOW,RESERVED,Navigational,0,ken,sheet1,2014
OUTFLOW,RESERVED,Environmental,0,ken,sheet1,2014
INFLOW,PRECIPITATION,Rainfall,15.8215283653594,ken,sheet1,2015
INFLOW,PRECIPITATION,Snowfall,0,ken,sheet1,2015
INFLOW,PRECIPITATION,Precipitation recycling,0,ken,sheet1,2015
INFLOW,SURFACE WATER,Main riverstem,0,ken,sheet1,2015
INFLOW,SURFACE WATER,Tributaries,0,ken,sheet1,2015
INFLOW,SURFACE WATER,Utilized surface water,0,ken,sheet1,2015
INFLOW,SURFACE WATER,Flood,0,ken,sheet1,2015
INFLOW,GROUNDWATER,Natural,0,ken,sheet1,2015
INFLOW,GROUNDWATER,Utilized,0,ken,sheet1,2015
INFLOW,OTHER,Desalinized,0,ken,sheet1,2015
STORAGE,CHANGE,Surface storage,-3.80232896958987,ken,sheet1,2015
STORAGE,CHANGE,Storage in sinks,0,ken,sheet1,2015
OUTFLOW,ET LANDSCAPE,Protected,1.60614982714365,ken,sheet1,2015
OUTFLOW,ET LANDSCAPE,Utilized,2.80268753399859,ken,sheet1,2015
OUTFLOW,ET LANDSCAPE,Modified,3.17070072309495,ken,sheet1,2015
OUTFLOW,ET LANDSCAPE,Managed,0.10265792020575,ken,sheet1,2015
OUTFLOW,ET UTILIZED FLOW,Protected,0.183837296924448,ken,sheet1,2015
OUTFLOW,ET UTILIZED FLOW,Utilized,0.949882535759883,ken,sheet1,2015
OUTFLOW,ET UTILIZED FLOW,Modified,0.380696743380441,ken,sheet1,2015
OUTFLOW,ET UTILIZED FLOW,Managed,1.11136014259146,ken,sheet1,2015
OUTFLOW,ET INCREMENTAL,Manmade,0.0149541081318777,ken,sheet1,2015
OUTFLOW,ET INCREMENTAL,Natural,1.51441657606477,ken,sheet1,2015
OUTFLOW,SURFACE WATER,Main riverstem,2.80763270713,ken,sheet1,2015
OUTFLOW,SURFACE WATER,Tributaries,0,ken,sheet1,2015
OUTFLOW,SURFACE WATER,Utilized surface water,0,ken,sheet1,2015
OUTFLOW,SURFACE WATER,Flood,0,ken,sheet1,2015
OUTFLOW,SURFACE WATER,Interbasin transfer,0,ken,sheet1,2015
OUTFLOW,GROUNDWATER,Natural,0,ken,sheet1,2015
OUTFLOW,GROUNDWATER,Utilized,0,ken,sheet1,2015
OUTFLOW,OTHER,Non-utilizable,0,ken,sheet1,2015
OUTFLOW,OTHER,Other,0,ken,sheet1,2015
OUTFLOW,RESERVED,Commited,0.664054025303916,ken,sheet1,2015
OUTFLOW,RESERVED,Navigational,0,ken,sheet1,2015
OUTFLOW,RESERVED,Environmental,0,ken,sheet1,2015
INFLOW,PRECIPITATION,Rainfall,13.8809040972264,ken,sheet1,2016
INFLOW,PRECIPITATION,Snowfall,0,ken,sheet1,2016
INFLOW,PRECIPITATION,Precipitation recycling,0,ken,sheet1,2016
INFLOW,SURFACE WATER,Main riverstem,0,ken,sheet1,2016
INFLOW,SURFACE WATER,Tributaries,0,ken,sheet1,2016
INFLOW,SURFACE WATER,Utilized surface water,0,ken,sheet1,2016
INFLOW,SURFACE WATER,Flood,0,ken,sheet1,2016
INFLOW,GROUNDWATER,Natural,0,ken,sheet1,2016
INFLOW,GROUNDWATER,Utilized,0,ken,sheet1,2016
INFLOW,OTHER,Desalinized,0,ken,sheet1,2016
STORAGE,CHANGE,Surface storage,-1.35247415563845,ken,sheet1,2016
STORAGE,CHANGE,Storage in sinks,0,ken,sheet1,2016
OUTFLOW,ET LANDSCAPE,Protected,1.57786793320957,ken,sheet1,2016
OUTFLOW,ET LANDSCAPE,Utilized,2.85911533870268,ken,sheet1,2016
OUTFLOW,ET LANDSCAPE,Modified,3.27065699651769,ken,sheet1,2016
OUTFLOW,ET LANDSCAPE,Managed,0.101100601070182,ken,sheet1,2016
OUTFLOW,ET UTILIZED FLOW,Protected,0.303116242422541,ken,sheet1,2016
OUTFLOW,ET UTILIZED FLOW,Utilized,0.932125427690136,ken,sheet1,2016
OUTFLOW,ET UTILIZED FLOW,Modified,0.417982128670676,ken,sheet1,2016
OUTFLOW,ET UTILIZED FLOW,Managed,1.20713270691882,ken,sheet1,2016
OUTFLOW,ET INCREMENTAL,Manmade,0.0158332266044271,ken,sheet1,2016
OUTFLOW,ET INCREMENTAL,Natural,1.65322379878335,ken,sheet1,2016
OUTFLOW,SURFACE WATER,Main riverstem,3.0506320467,ken,sheet1,2016
OUTFLOW,SURFACE WATER,Tributaries,0,ken,sheet1,2016
OUTFLOW,SURFACE WATER,Utilized surface water,0,ken,sheet1,2016
OUTFLOW,SURFACE WATER,Flood,0,ken,sheet1,2016
OUTFLOW,SURFACE WATER,Interbasin transfer,0,ken,sheet1,2016
OUTFLOW,GROUNDWATER,Natural,0,ken,sheet1,2016
OUTFLOW,GROUNDWATER,Utilized,0,ken,sheet1,2016
OUTFLOW,OTHER,Non-utilizable,0,ken,sheet1,2016
OUTFLOW,OTHER,Other,0,ken,sheet1,2016
OUTFLOW,RESERVED,Commited,0.664054025303916,ken,sheet1,2016
OUTFLOW,RESERVED,Navigational,0,ken,sheet1,2016
OUTFLOW,RESERVED,Environmental,0,ken,sheet1,2016
INFLOW,PRECIPITATION,Rainfall,13.164813876489,ken,sheet1,2017
INFLOW,PRECIPITATION,Snowfall,0,ken,sheet1,2017
INFLOW,PRECIPITATION,Precipitation recycling,0,ken,sheet1,2017
INFLOW,SURFACE WATER,Main riverstem,0,ken,sheet1,2017
INFLOW,SURFACE WATER,Tributaries,0,ken,sheet1,2017
INFLOW,SURFACE WATER,Utilized surface water,0,ken,sheet1,2017
INFLOW,SURFACE WATER,Flood,0,ken,sheet1,2017
INFLOW,GROUNDWATER,Natural,0,ken,sheet1,2017
INFLOW,GROUNDWATER,Utilized,0,ken,sheet1,2017
INFLOW,OTHER,Desalinized,0,ken,sheet1,2017
STORAGE,CHANGE,Surface storage,-3.84728400660859,ken,sheet1,2017
STORAGE,CHANGE,Storage in sinks,0,ken,sheet1,2017
OUTFLOW,ET LANDSCAPE,Protected,1.38775071807163,ken,sheet1,2017
OUTFLOW,ET LANDSCAPE,Utilized,2.45643709826886,ken,sheet1,2017
OUTFLOW,ET LANDSCAPE,Modified,3.02370881523295,ken,sheet1,2017
OUTFLOW,ET LANDSCAPE,Managed,0.0985107663369929,ken,sheet1,2017
OUTFLOW,ET UTILIZED FLOW,Protected,0.012466937362701,ken,sheet1,2017
OUTFLOW,ET UTILIZED FLOW,Utilized,0.694368257262539,ken,sheet1,2017
OUTFLOW,ET UTILIZED FLOW,Modified,0.0771236544917457,ken,sheet1,2017
OUTFLOW,ET UTILIZED FLOW,Managed,0.613400765604048,ken,sheet1,2017
OUTFLOW,ET INCREMENTAL,Manmade,0.00231202509297041,ken,sheet1,2017
OUTFLOW,ET INCREMENTAL,Natural,0.783958849116986,ken,sheet1,2017
OUTFLOW,SURFACE WATER,Main riverstem,1.56485159776,ken,sheet1,2017
OUTFLOW,SURFACE WATER,Tributaries,0,ken,sheet1,2017
OUTFLOW,SURFACE WATER,Utilized surface water,0,ken,sheet1,2017
OUTFLOW,SURFACE WATER,Flood,0,ken,sheet1,2017
OUTFLOW,SURFACE WATER,Interbasin transfer,0,ken,sheet1,2017
OUTFLOW,GROUNDWATER,Natural,0,ken,sheet1,2017
OUTFLOW,GROUNDWATER,Utilized,0,ken,sheet1,2017
OUTFLOW,OTHER,Non-utilizable,0,ken,sheet1,2017
OUTFLOW,OTHER,Other,0,ken,sheet1,2017
OUTFLOW,RESERVED,Commited,0.640524194184507,ken,sheet1,2017
OUTFLOW,RESERVED,Navigational,0,ken,sheet1,2017
OUTFLOW,RESERVED,Environmental,0,ken,sheet1,2017
INFLOW,PRECIPITATION,Rainfall,434.99,mli,sheet1,2010
INFLOW,PRECIPITATION,Snowfall,0,mli,sheet1,2010
INFLOW,PRECIPITATION,Precipitation recycling,0,mli,sheet1,2010
INFLOW,SURFACE WATER,Main riverstem,0,mli,sheet1,2010
INFLOW,SURFACE WATER,Tributaries,0,mli,sheet1,2010
INFLOW,SURFACE WATER,Utilized surface water,0,mli,sheet1,2010
INFLOW,SURFACE WATER,Flood,0,mli,sheet1,2010
INFLOW,GROUNDWATER,Natural,0,mli,sheet1,2010
INFLOW,GROUNDWATER,Utilized,0,mli,sheet1,2010
INFLOW,OTHER,Desalinized,0,mli,sheet1,2010
STORAGE,CHANGE,Surface storage,-79.62,mli,sheet1,2010
STORAGE,CHANGE,Storage in sinks,0,mli,sheet1,2010
OUTFLOW,ET LANDSCAPE,Protected,0,mli,sheet1,2010
OUTFLOW,ET LANDSCAPE,Utilized,186.29,mli,sheet1,2010
OUTFLOW,ET LANDSCAPE,Modified,29.56,mli,sheet1,2010
OUTFLOW,ET LANDSCAPE,Managed,3.93,mli,sheet1,2010
OUTFLOW,ET UTILIZED FLOW,Protected,0,mli,sheet1,2010
OUTFLOW,ET UTILIZED FLOW,Utilized,79.44,mli,sheet1,2010
OUTFLOW,ET UTILIZED FLOW,Modified,23.64,mli,sheet1,2010
OUTFLOW,ET UTILIZED FLOW,Managed,4.45,mli,sheet1,2010
OUTFLOW,ET INCREMENTAL,Manmade,4.45,mli,sheet1,2010
OUTFLOW,ET INCREMENTAL,Natural,103.08,mli,sheet1,2010
OUTFLOW,SURFACE WATER,Main riverstem,28.04,mli,sheet1,2010
OUTFLOW,SURFACE WATER,Tributaries,0,mli,sheet1,2010
OUTFLOW,SURFACE WATER,Utilized surface water,0,mli,sheet1,2010
OUTFLOW,SURFACE WATER,Flood,0,mli,sheet1,2010
OUTFLOW,SURFACE WATER,Interbasin transfer,0,mli,sheet1,2010
OUTFLOW,GROUNDWATER,Natural,0,mli,sheet1,2010
OUTFLOW,GROUNDWATER,Utilized,0,mli,sheet1,2010
OUTFLOW,OTHER,Non-utilizable,0,mli,sheet1,2010
OUTFLOW,OTHER,Other,0,mli,sheet1,2010
OUTFLOW,RESERVED,Commited,7.6,mli,sheet1,2010
OUTFLOW,RESERVED,Navigational,0,mli,sheet1,2010
OUTFLOW,RESERVED,Environmental,0,mli,sheet1,2010
INFLOW,PRECIPITATION,Rainfall,349.29,mli,sheet1,2011
INFLOW,PRECIPITATION,Snowfall,0,mli,sheet1,2011
INFLOW,PRECIPITATION,Precipitation recycling,0,mli,sheet1,2011
INFLOW,SURFACE WATER,Main riverstem,0,mli,sheet1,2011
INFLOW,SURFACE WATER,Tributaries,0,mli,sheet1,2011
INFLOW,SURFACE WATER,Utilized surface water,0,mli,sheet1,2011
INFLOW,SURFACE WATER,Flood,0,mli,sheet1,2011
INFLOW,GROUNDWATER,Natural,0,mli,sheet1,2011
INFLOW,GROUNDWATER,Utilized,0,mli,sheet1,2011
INFLOW,OTHER,Desalinized,0,mli,sheet1,2011
STORAGE,CHANGE,Surface storage,5.86,mli,sheet1,2011
STORAGE,CHANGE,Storage in sinks,0,mli,sheet1,2011
OUTFLOW,ET LANDSCAPE,Protected,0,mli,sheet1,2011
OUTFLOW,ET LANDSCAPE,Utilized,188.09,mli,sheet1,2011
OUTFLOW,ET LANDSCAPE,Modified,29.99,mli,sheet1,2011
OUTFLOW,ET LANDSCAPE,Managed,4.1,mli,sheet1,2011
OUTFLOW,ET UTILIZED FLOW,Protected,0,mli,sheet1,2011
OUTFLOW,ET UTILIZED FLOW,Utilized,82.77,mli,sheet1,2011
OUTFLOW,ET UTILIZED FLOW,Modified,23.64,mli,sheet1,2011
OUTFLOW,ET UTILIZED FLOW,Managed,4.04,mli,sheet1,2011
OUTFLOW,ET INCREMENTAL,Manmade,4.04,mli,sheet1,2011
OUTFLOW,ET INCREMENTAL,Natural,106.41,mli,sheet1,2011
OUTFLOW,SURFACE WATER,Main riverstem,22.52,mli,sheet1,2011
OUTFLOW,SURFACE WATER,Tributaries,0,mli,sheet1,2011
OUTFLOW,SURFACE WATER,Utilized surface water,0,mli,sheet1,2011
OUTFLOW,SURFACE WATER,Flood,0,mli,sheet1,2011
OUTFLOW,SURFACE WATER,Interbasin transfer,0,mli,sheet1,2011
OUTFLOW,GROUNDWATER,Natural,0,mli,sheet1,2011
OUTFLOW,GROUNDWATER,Utilized,0,mli,sheet1,2011
OUTFLOW,OTHER,Non-utilizable,0,mli,sheet1,2011
OUTFLOW,OTHER,Other,0,mli,sheet1,2011
OUTFLOW,RESERVED,Commited,6.1,mli,sheet1,2011
OUTFLOW,RESERVED,Navigational,0,mli,sheet1,2011
OUTFLOW,RESERVED,Environmental,0,mli,sheet1,2011
INFLOW,PRECIPITATION,Rainfall,410.59,mli,sheet1,2012
INFLOW,PRECIPITATION,Snowfall,0,mli,sheet1,2012
INFLOW,PRECIPITATION,Precipitation recycling,0,mli,sheet1,2012
INFLOW,SURFACE WATER,Main riverstem,0,mli,sheet1,2012
INFLOW,SURFACE WATER,Tributaries,0,mli,sheet1,2012
INFLOW,SURFACE WATER,Utilized surface water,0,mli,sheet1,2012
INFLOW,SURFACE WATER,Flood,0,mli,sheet1,2012
INFLOW,GROUNDWATER,Natural,0,mli,sheet1,2012
INFLOW,GROUNDWATER,Utilized,0,mli,sheet1,2012
INFLOW,OTHER,Desalinized,0,mli,sheet1,2012
STORAGE,CHANGE,Surface storage,-57.4,mli,sheet1,2012
STORAGE,CHANGE,Storage in sinks,0,mli,sheet1,2012
OUTFLOW,ET LANDSCAPE,Protected,0,mli,sheet1,2012
OUTFLOW,ET LANDSCAPE,Utilized,186.02,mli,sheet1,2012
OUTFLOW,ET LANDSCAPE,Modified,29.61,mli,sheet1,2012
OUTFLOW,ET LANDSCAPE,Managed,4.07,mli,sheet1,2012
OUTFLOW,ET UTILIZED FLOW,Protected,0,mli,sheet1,2012
OUTFLOW,ET UTILIZED FLOW,Utilized,82.29,mli,sheet1,2012
OUTFLOW,ET UTILIZED FLOW,Modified,23.75,mli,sheet1,2012
OUTFLOW,ET UTILIZED FLOW,Managed,4.23,mli,sheet1,2012
OUTFLOW,ET INCREMENTAL,Manmade,4.23,mli,sheet1,2012
OUTFLOW,ET INCREMENTAL,Natural,106.04,mli,sheet1,2012
OUTFLOW,SURFACE WATER,Main riverstem,23.21,mli,sheet1,2012
OUTFLOW,SURFACE WATER,Tributaries,0,mli,sheet1,2012
OUTFLOW,SURFACE WATER,Utilized surface water,0,mli,sheet1,2012
OUTFLOW,SURFACE WATER,Flood,0,mli,sheet1,2012
OUTFLOW,SURFACE WATER,Interbasin transfer,0,mli,sheet1,2012
OUTFLOW,GROUNDWATER,Natural,0,mli,sheet1,2012
OUTFLOW,GROUNDWATER,Utilized,0,mli,sheet1,2012
OUTFLOW,OTHER,Non-utilizable,0,mli,sheet1,2012
OUTFLOW,OTHER,Other,0,mli,sheet1,2012
OUTFLOW,RESERVED,Commited,6.3,mli,sheet1,2012
OUTFLOW,RESERVED,Navigational,0,mli,sheet1,2012
OUTFLOW,RESERVED,Environmental,0,mli,sheet1,2012
INFLOW,PRECIPITATION,Rainfall,389.16,mli,sheet1,2013
INFLOW,PRECIPITATION,Snowfall,0,mli,sheet1,2013
INFLOW,PRECIPITATION,Precipitation recycling,0,mli,sheet1,2013
INFLOW,SURFACE WATER,Main riverstem,0,mli,sheet1,2013
INFLOW,SURFACE WATER,Tributaries,0,mli,sheet1,2013
INFLOW,SURFACE WATER,Utilized surface water,0,mli,sheet1,2013
INFLOW,SURFACE WATER,Flood,0,mli,sheet1,2013
INFLOW,GROUNDWATER,Natural,0,mli,sheet1,2013
INFLOW,GROUNDWATER,Utilized,0,mli,sheet1,2013
INFLOW,OTHER,Desalinized,0,mli,sheet1,2013
STORAGE,CHANGE,Surface storage,-33.55,mli,sheet1,2013
STORAGE,CHANGE,Storage in sinks,0,mli,sheet1,2013
OUTFLOW,ET LANDSCAPE,Protected,0,mli,sheet1,2013
OUTFLOW,ET LANDSCAPE,Utilized,178.46,mli,sheet1,2013
OUTFLOW,ET LANDSCAPE,Modified,26.15,mli,sheet1,2013
OUTFLOW,ET LANDSCAPE,Managed,4.86,mli,sheet1,2013
OUTFLOW,ET UTILIZED FLOW,Protected,0,mli,sheet1,2013
OUTFLOW,ET UTILIZED FLOW,Utilized,89.64,mli,sheet1,2013
OUTFLOW,ET UTILIZED FLOW,Modified,25.23,mli,sheet1,2013
OUTFLOW,ET UTILIZED FLOW,Managed,5.28,mli,sheet1,2013
OUTFLOW,ET INCREMENTAL,Manmade,5.28,mli,sheet1,2013
OUTFLOW,ET INCREMENTAL,Natural,114.87,mli,sheet1,2013
OUTFLOW,SURFACE WATER,Main riverstem,25.98,mli,sheet1,2013
OUTFLOW,SURFACE WATER,Tributaries,0,mli,sheet1,2013
OUTFLOW,SURFACE WATER,Utilized surface water,0,mli,sheet1,2013
OUTFLOW,SURFACE WATER,Flood,0,mli,sheet1,2013
OUTFLOW,SURFACE WATER,Interbasin transfer,0,mli,sheet1,2013
OUTFLOW,GROUNDWATER,Natural,0,mli,sheet1,2013
OUTFLOW,GROUNDWATER,Utilized,0,mli,sheet1,2013
OUTFLOW,OTHER,Non-utilizable,0,mli,sheet1,2013
OUTFLOW,OTHER,Other,0,mli,sheet1,2013
OUTFLOW,RESERVED,Commited,7.1,mli,sheet1,2013
OUTFLOW,RESERVED,Navigational,0,mli,sheet1,2013
OUTFLOW,RESERVED,Environmental,0,mli,sheet1,2013
INFLOW,PRECIPITATION,Rainfall,355.2,mli,sheet1,2014
INFLOW,PRECIPITATION,Snowfall,0,mli,sheet1,2014
INFLOW,PRECIPITATION,Precipitation recycling,0,mli,sheet1,2014
INFLOW,SURFACE WATER,Main riverstem,0,mli,sheet1,2014
INFLOW,SURFACE WATER,Tributaries,0,mli,sheet1,2014
INFLOW,SURFACE WATER,Utilized surface water,0,mli,sheet1,2014
INFLOW,SURFACE WATER,Flood,0,mli,sheet1,2014
INFLOW,GROUNDWATER,Natural,0,mli,sheet1,2014
INFLOW,GROUNDWATER,Utilized,0,mli,sheet1,2014
INFLOW,OTHER,Desalinized,0,mli,sheet1,2014
STORAGE,CHANGE,Surface storage,32.23,mli,sheet1,2014
STORAGE,CHANGE,Storage in sinks,0,mli,sheet1,2014
OUTFLOW,ET LANDSCAPE,Protected,0,mli,sheet1,2014
OUTFLOW,ET LANDSCAPE,Utilized,207.09,mli,sheet1,2014
OUTFLOW,ET LANDSCAPE,Modified,39.62,mli,sheet1,2014
OUTFLOW,ET LANDSCAPE,Managed,5.6,mli,sheet1,2014
OUTFLOW,ET UTILIZED FLOW,Protected,0,mli,sheet1,2014
OUTFLOW,ET UTILIZED FLOW,Utilized,85.31,mli,sheet1,2014
OUTFLOW,ET UTILIZED FLOW,Modified,21.99,mli,sheet1,2014
OUTFLOW,ET UTILIZED FLOW,Managed,5.27,mli,sheet1,2014
OUTFLOW,ET INCREMENTAL,Manmade,5.27,mli,sheet1,2014
OUTFLOW,ET INCREMENTAL,Natural,107.3,mli,sheet1,2014
OUTFLOW,SURFACE WATER,Main riverstem,22.54,mli,sheet1,2014
OUTFLOW,SURFACE WATER,Tributaries,0,mli,sheet1,2014
OUTFLOW,SURFACE WATER,Utilized surface water,0,mli,sheet1,2014
OUTFLOW,SURFACE WATER,Flood,0,mli,sheet1,2014
OUTFLOW,SURFACE WATER,Interbasin transfer,0,mli,sheet1,2014
OUTFLOW,GROUNDWATER,Natural,0,mli,sheet1,2014
OUTFLOW,GROUNDWATER,Utilized,0,mli,sheet1,2014
OUTFLOW,OTHER,Non-utilizable,0,mli,sheet1,2014
OUTFLOW,OTHER,Other,0,mli,sheet1,2014
OUTFLOW,RESERVED,Commited,6.1,mli,sheet1,2014
OUTFLOW,RESERVED,Navigational,0,mli,sheet1,2014
OUTFLOW,RESERVED,Environmental,0,mli,sheet1,2014
INFLOW,PRECIPITATION,Rainfall,376.52,mli,sheet1,2015
INFLOW,PRECIPITATION,Snowfall,0,mli,sheet1,2015
INFLOW,PRECIPITATION,Precipitation recycling,0,mli,sheet1,2015
INFLOW,SURFACE WATER,Main riverstem,0,mli,sheet1,2015
INFLOW,SURFACE WATER,Tributaries,0,mli,sheet1,2015
INFLOW,SURFACE WATER,Utilized surface water,0,mli,sheet1,2015
INFLOW,SURFACE WATER,Flood,0,mli,sheet1,2015
INFLOW,GROUNDWATER,Natural,0,mli,sheet1,2015
INFLOW,GROUNDWATER,Utilized,0,mli,sheet1,2015
INFLOW,OTHER,Desalinized,0,mli,sheet1,2015
STORAGE,CHANGE,Surface storage,-20.93,mli,sheet1,2015
STORAGE,CHANGE,Storage in sinks,0,mli,sheet1,2015
OUTFLOW,ET LANDSCAPE,Protected,0,mli,sheet1,2015
OUTFLOW,ET LANDSCAPE,Utilized,186.2,mli,sheet1,2015
OUTFLOW,ET LANDSCAPE,Modified,26.8,mli,sheet1,2015
OUTFLOW,ET LANDSCAPE,Managed,5.37,mli,sheet1,2015
OUTFLOW,ET UTILIZED FLOW,Protected,0,mli,sheet1,2015
OUTFLOW,ET UTILIZED FLOW,Utilized,83.79,mli,sheet1,2015
OUTFLOW,ET UTILIZED FLOW,Modified,26.27,mli,sheet1,2015
OUTFLOW,ET UTILIZED FLOW,Managed,5.03,mli,sheet1,2015
OUTFLOW,ET INCREMENTAL,Manmade,5.03,mli,sheet1,2015
OUTFLOW,ET INCREMENTAL,Natural,110.06,mli,sheet1,2015
OUTFLOW,SURFACE WATER,Main riverstem,22.12,mli,sheet1,2015
OUTFLOW,SURFACE WATER,Tributaries,0,mli,sheet1,2015
OUTFLOW,SURFACE WATER,Utilized surface water,0,mli,sheet1,2015
OUTFLOW,SURFACE WATER,Flood,0,mli,sheet1,2015
OUTFLOW,SURFACE WATER,Interbasin transfer,0,mli,sheet1,2015
OUTFLOW,GROUNDWATER,Natural,0,mli,sheet1,2015
OUTFLOW,GROUNDWATER,Utilized,0,mli,sheet1,2015
OUTFLOW,OTHER,Non-utilizable,0,mli,sheet1,2015
OUTFLOW,OTHER,Other,0,mli,sheet1,2015
OUTFLOW,RESERVED,Commited,6,mli,sheet1,2015
OUTFLOW,RESERVED,Navigational,0,mli,sheet1,2015
OUTFLOW,RESERVED,Environmental,0,mli,sheet1,2015
INFLOW,PRECIPITATION,Rainfall,366.98,mli,sheet1,2016
INFLOW,PRECIPITATION,Snowfall,0,mli,sheet1,2016
INFLOW,PRECIPITATION,Precipitation recycling,0,mli,sheet1,2016
INFLOW,SURFACE WATER,Main riverstem,0,mli,sheet1,2016
INFLOW,SURFACE WATER,Tributaries,0,mli,sheet1,2016
INFLOW,SURFACE WATER,Utilized surface water,0,mli,sheet1,2016
INFLOW,SURFACE WATER,Flood,0,mli,sheet1,2016
INFLOW,GROUNDWATER,Natural,0,mli,sheet1,2016
INFLOW,GROUNDWATER,Utilized,0,mli,sheet1,2016
INFLOW,OTHER,Desalinized,0,mli,sheet1,2016
STORAGE,CHANGE,Surface storage,-2.05,mli,sheet1,2016
STORAGE,CHANGE,Storage in sinks,0,mli,sheet1,2016
OUTFLOW,ET LANDSCAPE,Protected,0,mli,sheet1,2016
OUTFLOW,ET LANDSCAPE,Utilized,179.14,mli,sheet1,2016
OUTFLOW,ET LANDSCAPE,Modified,26.63,mli,sheet1,2016
OUTFLOW,ET LANDSCAPE,Managed,5.47,mli,sheet1,2016
OUTFLOW,ET UTILIZED FLOW,Protected,0,mli,sheet1,2016
OUTFLOW,ET UTILIZED FLOW,Utilized,92.04,mli,sheet1,2016
OUTFLOW,ET UTILIZED FLOW,Modified,27.87,mli,sheet1,2016
OUTFLOW,ET UTILIZED FLOW,Managed,5.98,mli,sheet1,2016
OUTFLOW,ET INCREMENTAL,Manmade,5.98,mli,sheet1,2016
OUTFLOW,ET INCREMENTAL,Natural,119.91,mli,sheet1,2016
OUTFLOW,SURFACE WATER,Main riverstem,27.8,mli,sheet1,2016
OUTFLOW,SURFACE WATER,Tributaries,0,mli,sheet1,2016
OUTFLOW,SURFACE WATER,Utilized surface water,0,mli,sheet1,2016
OUTFLOW,SURFACE WATER,Flood,0,mli,sheet1,2016
OUTFLOW,SURFACE WATER,Interbasin transfer,0,mli,sheet1,2016
OUTFLOW,GROUNDWATER,Natural,0,mli,sheet1,2016
OUTFLOW,GROUNDWATER,Utilized,0,mli,sheet1,2016
OUTFLOW,OTHER,Non-utilizable,0,mli,sheet1,2016
OUTFLOW,OTHER,Other,0,mli,sheet1,2016
OUTFLOW,RESERVED,Commited,7.6,mli,sheet1,2016
OUTFLOW,RESERVED,Navigational,0,mli,sheet1,2016
OUTFLOW,RESERVED,Environmental,0,mli,sheet1,2016
INFLOW,PRECIPITATION,Rainfall,383.25,mli,sheet1,2017
INFLOW,PRECIPITATION,Snowfall,0,mli,sheet1,2017
INFLOW,PRECIPITATION,Precipitation recycling,0,mli,sheet1,2017
INFLOW,SURFACE WATER,Main riverstem,0,mli,sheet1,2017
INFLOW,SURFACE WATER,Tributaries,0,mli,sheet1,2017
INFLOW,SURFACE WATER,Utilized surface water,0,mli,sheet1,2017
INFLOW,SURFACE WATER,Flood,0,mli,sheet1,2017
INFLOW,GROUNDWATER,Natural,0,mli,sheet1,2017
INFLOW,GROUNDWATER,Utilized,0,mli,sheet1,2017
INFLOW,OTHER,Desalinized,0,mli,sheet1,2017
STORAGE,CHANGE,Surface storage,-22.21,mli,sheet1,2017
STORAGE,CHANGE,Storage in sinks,0,mli,sheet1,2017
OUTFLOW,ET LANDSCAPE,Protected,0,mli,sheet1,2017
OUTFLOW,ET LANDSCAPE,Utilized,187.33,mli,sheet1,2017
OUTFLOW,ET LANDSCAPE,Modified,29.77,mli,sheet1,2017
OUTFLOW,ET LANDSCAPE,Managed,4.77,mli,sheet1,2017
OUTFLOW,ET UTILIZED FLOW,Protected,0,mli,sheet1,2017
OUTFLOW,ET UTILIZED FLOW,Utilized,85.04,mli,sheet1,2017
OUTFLOW,ET UTILIZED FLOW,Modified,24.63,mli,sheet1,2017
OUTFLOW,ET UTILIZED FLOW,Managed,4.9,mli,sheet1,2017
OUTFLOW,ET INCREMENTAL,Manmade,4.9,mli,sheet1,2017
OUTFLOW,ET INCREMENTAL,Natural,109.67,mli,sheet1,2017
OUTFLOW,SURFACE WATER,Main riverstem,24.6,mli,sheet1,2017
OUTFLOW,SURFACE WATER,Tributaries,0,mli,sheet1,2017
OUTFLOW,SURFACE WATER,Utilized surface water,0,mli,sheet1,2017
OUTFLOW,SURFACE WATER,Flood,0,mli,sheet1,2017
OUTFLOW,SURFACE WATER,Interbasin transfer,0,mli,sheet1,2017
OUTFLOW,GROUNDWATER,Natural,0,mli,sheet1,2017
OUTFLOW,GROUNDWATER,Utilized,0,mli,sheet1,2017
OUTFLOW,OTHER,Non-utilizable,0,mli,sheet1,2017
OUTFLOW,OTHER,Other,0,mli,sheet1,2017
OUTFLOW,RESERVED,Commited,0,mli,sheet1,2017
OUTFLOW,RESERVED,Navigational,0,mli,sheet1,2017
OUTFLOW,RESERVED,Environmental,6.69,mli,sheet1,2017
